{
    "name": "All Requests",
    "numberOfRequests": {
        "total": 100000,
        "ok": 32750,
        "ko": 67250
    },
    "minResponseTime": {
        "total": 494,
        "ok": 494,
        "ko": 1105
    },
    "maxResponseTime": {
        "total": 97486,
        "ok": 95965,
        "ko": 97486
    },
    "meanResponseTime": {
        "total": 60290,
        "ok": 38276,
        "ko": 71011
    },
    "standardDeviation": {
        "total": 27290,
        "ok": 23199,
        "ko": 22236
    },
    "percentiles1": {
        "total": 65611,
        "ok": 36137,
        "ko": 77913
    },
    "percentiles2": {
        "total": 87233,
        "ok": 52275,
        "ko": 90132
    },
    "percentiles3": {
        "total": 95283,
        "ok": 82119,
        "ko": 95355
    },
    "percentiles4": {
        "total": 96403,
        "ok": 93671,
        "ko": 96503
    },
    "group1": {
    "name": "t < 800 ms",
    "htmlName": "t < 800 ms",
    "count": 124,
    "percentage": 0.124
},
    "group2": {
    "name": "800 ms <= t < 1200 ms",
    "htmlName": "t >= 800 ms <br> t < 1200 ms",
    "count": 249,
    "percentage": 0.249
},
    "group3": {
    "name": "t >= 1200 ms",
    "htmlName": "t >= 1200 ms",
    "count": 32377,
    "percentage": 32.377
},
    "group4": {
    "name": "failed",
    "htmlName": "failed",
    "count": 67250,
    "percentage": 67.25
},
    "meanNumberOfRequestsPerSecond": {
        "total": 877.1929824561404,
        "ok": 287.280701754386,
        "ko": 589.9122807017544
    }
}